中国,-,156000000
云南省,-,156530000
四川省,-,156510000
西藏自治区,-,156540000
海南省,-,156460000
广西壮族自治区,-,156450000
广东省,-,156440000
台湾省,-,156710000
贵州省,-,156520000
湖南省,-,156430000
福建省,-,156350000
江西省,-,156360000
浙江省,-,156330000
湖北省,-,156420000
陕西省,-,156610000
安徽省,-,156340000
江苏省,-,156320000
河南省,-,156410000
甘肃省,-,156620000
青海省,-,156630000
新疆维吾尔自治区,-,156650000
山东省,-,156370000
山西省,-,156140000
宁夏回族自治区,-,156640000
河北省,-,156130000
辽宁省,-,156210000
内蒙古自治区,-,156150000
吉林省,-,156220000
黑龙江省,-,156230000
西双版纳傣族自治州,-,156532800
勐拉镇,-,156532500
普洱市,-,156530800
红河哈尼族彝族自治州,-,156532500
临沧市,-,156530900
玉溪市,-,156530400
德宏傣族景颇族自治州,-,156533100
昆明市,-,156530100
保山市,-,156530500
楚雄彝族自治州,-,156532300
曲靖市,-,156530300
泸水市,-,156533301
大理白族自治州,-,156532900
攀枝花市,-,156510400
怒江傈僳族自治州,-,156533300
丽江市,-,156530700
昭通市,-,156530600
迪庆藏族自治州,-,156533400
凉山彝族自治州,-,156513400
山南市,-,156540500
日喀则市,-,156540200
林芝市,-,156540400
乐山市,-,156511100
拉萨市,-,156540100
雅安市,-,156511800
眉山市,-,156511400
甘孜藏族自治州,-,156513300
成都市,-,156510100
德阳市,-,156510600
昌都市,-,156540300
阿坝藏族羌族自治州,-,156513200
那曲市,-,156540600
阿里地区,-,156542500
玉树藏族自治州,-,156632700
果洛藏族自治州,-,156632600
甘南藏族自治州,-,156623000
黄南藏族自治州,-,156632300
三沙市,-,156460300
三亚市,-,156460200
海口市,-,156460100
湛江市,-,156440800
北海市,-,156450500
茂名市,-,156440900
防城港市,-,156450600
阳江市,-,156441700
钦州市,-,156450700
澳门特别行政区,-,156820000
珠海市,-,156440400
香港特别行政区,-,156810000
崇左市,-,156451400
中山市,-,156442000
深圳市,-,156440300
江门市,-,156440700
玉林市,-,156450900
高雄市,-,156711000
汕尾市,-,156441500
南宁市,-,156450100
云浮市,-,156445300
台南市,-,156710014
东莞市,-,156441900
佛山市,-,156440600
肇庆市,-,156441200
惠州市,-,156441300
贵港市,-,156450800
广州市,-,156440100
汕头市,-,156440500
梧州市,-,156450400
揭阳市,-,156445200
潮州市,-,156445100
清远市,-,156441800
文山壮族苗族自治州,-,156532600
河源市,-,156441600
来宾市,-,156451300
百色市,-,156451000
梅州市,-,156441400
柳州市,-,156450200
贺州市,-,156451100
厦门市,-,156350200
漳州市,-,156350600
河池市,-,156451200
韶关市,-,156440200
泉州市,-,156350500
龙岩市,-,156350800
桂林市,-,156450300
黔西南布依族苗族自治州,-,156522300
莆田市,-,156350300
台中市,-,156710016
桃园市,-,156710018
新北市,-,156710012
台北市,-,156719000
黔南布依族苗族自治州,-,156522700
安顺市,-,156520400
永州市,-,156431100
黔东南苗族侗族自治州,-,156522600
六盘水市,-,156520200
贵阳市,-,156520100
中寨镇,-,156520500
邵阳市,-,156430500
毕节市,-,156520500
怀化市,-,156431200
娄底市,-,156431300
遵义市,-,156520300
铜仁市,-,156520600
益阳市,-,156430900
湘西土家族苗族自治州,-,156433100
宜宾市,-,156511500
泸州市,-,156510500
常德市,-,156430700
张家界市,-,156430800
自贡市,-,156510300
重庆市,-,156500000
内江市,-,156511000
资阳市,-,156512000
恩施土家族苗族自治州,-,156422800
荆州市,-,156421000
郴州市,-,156431000
赣州市,-,156360700
福州市,-,156350100
三明市,-,156350400
南平市,-,156350700
宁德市,-,156350900
衡阳市,-,156430400
吉安市,-,156360800
萍乡市,-,156360300
宜春市,-,156360900
新余市,-,156360500
株洲市,-,156430200
湘潭市,-,156430300
抚州市,-,156361000
长沙市,-,156430100
鹰潭市,-,156360600
上饶市,-,156361100
丽水市,-,156331100
南昌市,-,156360100
衢州市,-,156330800
金华市,-,156330700
景德镇市,-,156360200
岳阳市,-,156430600
九江市,-,156360400
黄山市,-,156341000
咸宁市,-,156421200
黄石市,-,156420200
杭州市,-,156330100
广安市,-,156511600
遂宁市,-,156510900
宜昌市,-,156420500
南充市,-,156511300
荆门市,-,156420800
达州市,-,156511700
绵阳市,-,156510700
巴中市,-,156511900
襄阳市,-,156420600
广元市,-,156510800
十堰市,-,156420300
安康市,-,156610900
汉中市,-,156610700
陇南市,-,156621200
商洛市,-,156611000
西安市,-,156610100
咸阳市,-,156610400
宝鸡市,-,156610300
渭南市,-,156610500
天水市,-,156620500
洛阳市,-,156410300
三门峡市,-,156411200
铜川市,-,156610200
运城市,-,156140800
鄂州市,-,156420700
黄冈市,-,156421100
安庆市,-,156340800
武汉市,-,156420100
池州市,-,156341700
湖州市,-,156330500
孝感市,-,156420900
宣城市,-,156341800
芜湖市,-,156340200
无锡市,-,156320200
马鞍山市,-,156340500
随州市,-,156421300
六安市,-,156341500
常州市,-,156320400
合肥市,-,156340100
铜陵市,-,156340700
南京市,-,156320100
信阳市,-,156411500
镇江市,-,156321100
滁州市,-,156341100
扬州市,-,156321000
泰州市,-,156321200
淮南市,-,156340400
阜阳市,-,156341200
蚌埠市,-,156340300
南阳市,-,156411300
驻马店市,-,156411700
盐城市,-,156320900
漯河市,-,156411100
淮安市,-,156320800
周口市,-,156411600
宿州市,-,156341300
平顶山市,-,156410400
亳州市,-,156341600
淮北市,-,156340600
宿迁市,-,156321300
许昌市,-,156411000
徐州市,-,156320300
商丘市,-,156411400
连云港市,-,156320700
郑州市,-,156410100
开封市,-,156410200
枣庄市,-,156370400
临沂市,-,156371300
温州市,-,156330300
台州市,-,156331000
宁波市,-,156330200
舟山市,-,156330900
绍兴市,-,156330600
嘉兴市,-,156330400
上海市,-,156310000
苏州市,-,156320500
南通市,-,156320600
临夏回族自治州,-,156622900
海南藏族自治州,-,156632500
兰州市,-,156620100
海东市,-,156630200
白银市,-,156620400
西宁市,-,156630100
海西蒙古族藏族自治州,-,156632800
和田地区,-,156653200
海北藏族自治州,-,156632200
武威市,-,156620600
喀什地区,-,156653100
金昌市,-,156620300
张掖市,-,156620700
克孜勒苏柯尔克孜自治州,-,156653000
酒泉市,-,156620900
嘉峪关市,-,156620200
巴音郭楞蒙古自治州,-,156652800
阿克苏地区,-,156652900
吐鲁番市,-,156650400
哈密市,-,156650500
伊犁哈萨克自治州,-,156654000
乌鲁木齐市,-,156650100
昌吉回族自治州,-,156652300
博尔塔拉蒙古自治州,-,156652700
克拉玛依市,-,156650200
塔城地区,-,156654200
阿勒泰地区,-,156654300
茫崖市,-,156632803
焦作市,-,156410800
菏泽市,-,156371700
新乡市,-,156410700
济宁市,-,156370800
日照市,-,156371100
晋城市,-,156140500
平凉市,-,156620800
定西市,-,156621100
庆阳市,-,156621000
鹤壁市,-,156410600
濮阳市,-,156410900
固原市,-,156640400
青岛市,-,156370200
临汾市,-,156141000
安阳市,-,156410500
长治市,-,156140400
泰安市,-,156370900
聊城市,-,156371500
延安市,-,156610600
邯郸市,-,156130400
济南市,-,156370100
潍坊市,-,156370700
淄博市,-,156370300
邢台市,-,156130500
滨州市,-,156371600
东营市,-,156370500
德州市,-,156371400
烟台市,-,156370600
中卫市,-,156640500
威海市,-,156371000
吕梁市,-,156141100
晋中市,-,156140700
衡水市,-,156131100
阳泉市,-,156140300
太原市,-,156140100
吴忠市,-,156640300
石家庄市,-,156130100
榆林市,-,156610800
沧州市,-,156130900
忻州市,-,156140900
银川市,-,156640100
保定市,-,156130600
大连市,-,156210200
阿拉善盟,-,156152900
石嘴山市,-,156640200
天津市,-,156120000
朔州市,-,156140600
廊坊市,-,156131000
鄂尔多斯市,-,156150600
唐山市,-,156130200
乌海市,-,156150300
北京市,-,156110000
秦皇岛市,-,156130300
大同市,-,156140200
丹东市,-,156210600
包头市,-,156150200
营口市,-,156210800
葫芦岛市,-,156211400
巴彦淖尔市,-,156150800
张家口市,-,156130700
呼和浩特市,-,156150100
承德市,-,156130800
乌兰察布市,-,156150900
锦州市,-,156210700
鞍山市,-,156210300
盘锦市,-,156211100
辽阳市,-,156211000
本溪市,-,156210500
朝阳市,-,156211300
通化市,-,156220500
沈阳市,-,156210100
抚顺市,-,156210400
白山市,-,156220600
阜新市,-,156210900
铁岭市,-,156211200
赤峰市,-,156150400
辽源市,-,156220400
延边朝鲜族自治州,-,156222400
四平市,-,156220300
通辽市,-,156150500
长春市,-,156220100
锡林郭勒盟,-,156152500
吉林市,-,156220200
牡丹江市,-,156231000
松原市,-,156220700
鸡西市,-,156230300
白城市,-,156220800
七台河市,-,156230900
哈尔滨市,-,156230100
兴安盟,-,156152200
大庆市,-,156230600
双鸭山市,-,156230500
绥化市,-,156231200
佳木斯市,-,156230800
鹤岗市,-,156230400
齐齐哈尔市,-,156230200
伊春市,-,156230700
呼伦贝尔市,-,156150700
黑河市,-,156231100
大兴安岭地区,-,156232700
勐腊县,-,156532823
勐海县,-,156532822
景洪市,-,156532801
孟连傣族拉祜族佤族自治县,-,156530827
河口瑶族自治县,-,156532532
澜沧拉祜族自治县,-,156530828
江城哈尼族彝族自治县,-,156530826
西盟佤族自治县,-,156530829
金平苗族瑶族傣族自治县,-,156532530
思茅区,-,156530802
屏边苗族自治县,-,156532523
绿春县,-,156532531
马关县,-,156532625
宁洱哈尼族彝族自治县,-,156530821
沧源佤族自治县,-,156530927
元阳县,-,156532528
个旧市,-,156532501
红河县,-,156532529
文山市,-,156532601
蒙自市,-,156532503
墨江哈尼族自治县,-,156530822
双江拉祜族佤族布朗族傣族自治县,-,156530925
景谷傣族彝族自治县,-,156530824
耿马傣族佤族自治县,-,156530926
元江哈尼族彝族傣族自治县,-,156530428
砚山县,-,156532622
建水县,-,156532524
石屏县,-,156532525
开远市,-,156532502
镇康县,-,156530924
临翔区,-,156530902
镇沅彝族哈尼族拉祜族自治县,-,156530825
瑞丽市,-,156533102
永德县,-,156530923
丘北县,-,156532626
新平彝族傣族自治县,-,156530427
通海县,-,156530423
峨山彝族自治县,-,156530426
陇川县,-,156533124
华宁县,-,156530424
江川区,-,156530403
红塔区,-,156530402
弥勒市,-,156532504
芒市,-,156533103
云县,-,156530922
景东彝族自治县,-,156530823
泸西县,-,156532527
凤庆县,-,156530921
龙陵县,-,156530523
晋宁区,-,156530115
易门县,-,156530425
澄江市,-,156530481
双柏县,-,156532322
盈江县,-,156533123
施甸县,-,156530521
石林彝族自治县,-,156530126
梁河县,-,156533122
昌宁县,-,156530524
师宗县,-,156530323
罗平县,-,156530324
呈贡区,-,156530114
安宁市,-,156530181
宜良县,-,156530125
官渡区,-,156530111
腾冲市,-,156530581
陆良县,-,156530322
楚雄市,-,156532301
西山区,-,156530112
南涧彝族自治县,-,156532926
五华区,-,156530102
盘龙区,-,156530103
隆阳区,-,156530502
禄丰县,-,156532331
南华县,-,156532324
富民县,-,156530124
巍山彝族回族自治县,-,156532927
牟定县,-,156532323
嵩明县,-,156530127
弥渡县,-,156532925
马龙区,-,156530304
永平县,-,156532928
祥云县,-,156532923
麒麟区,-,156530302
姚安县,-,156532325
武定县,-,156532329
禄劝彝族苗族自治县,-,156530128
寻甸回族彝族自治县,-,156530129
大理市,-,156532901
沾益区,-,156530303
漾濞彝族自治县,-,156532922
富源县,-,156530325
元谋县,-,156532328
盘州市,-,156520281
大姚县,-,156532326
宾川县,-,156532924
云龙县,-,156532929
永仁县,-,156532327
东川区,-,156530113
洱源县,-,156532930
宣威市,-,156530381
会泽县,-,156530326
兰坪白族普米族自治县,-,156533325
仁和区,-,156510411
剑川县,-,156532931
东区,-,156510402
鹤庆县,-,156532932
西区,-,156510403
华坪县,-,156530723
会东县,-,156513426
会理县,-,156513425
盐边县,-,156510422
永胜县,-,156530722
玉龙纳西族自治县,-,156530721
威宁彝族回族苗族自治县,-,156520526
古城区,-,156530702
米易县,-,156510421
福贡县,-,156533323
巧家县,-,156530622
宁南县,-,156513427
维西傈僳族自治县,-,156533423
鲁甸县,-,156530621
宁蒗彝族自治县,-,156530724
昭阳区,-,156530602
普格县,-,156513428
德昌县,-,156513424
盐源县,-,156513423
亚东县,-,156540233
彝良县,-,156530628
金阳县,-,156513430
布拖县,-,156513429
贡山独龙族怒族自治县,-,156533324
大关县,-,156530624
香格里拉市,-,156533401
西昌市,-,156513401
木里藏族自治县,-,156513422
错那县,-,156540530
昭觉县,-,156513431
盐津县,-,156530623
聂拉木县,-,156540235
筠连县,-,156511527
永善县,-,156530625
雷波县,-,156513437
岗巴县,-,156540237
喜德县,-,156513432
美姑县,-,156513436
定结县,-,156540231
洛扎县,-,156540527
隆子县,-,156540529
高县,-,156511525
措美县,-,156540526
德钦县,-,156533422
冕宁县,-,156513433
康马县,-,156540230
绥江县,-,156530626
水富市,-,156530681
越西县,-,156513434
屏山县,-,156511529
定日县,-,156540223
察隅县,-,156540425
叙州区,-,156511504
得荣县,-,156513338
马边彝族自治县,-,156511133
吉隆县,-,156540234
萨迦县,-,156540224
江孜县,-,156540222
乡城县,-,156513336
沐川县,-,156511129
甘洛县,-,156513435
浪卡子县,-,156540531
九龙县,-,156513324
琼结县,-,156540524
稻城县,-,156513337
朗县,-,156540426
曲松县,-,156540525
拉孜县,-,156540225
白朗县,-,156540228
加查县,-,156540528
犍为县,-,156511123
米林县,-,156540422
乃东区,-,156540502
石棉县,-,156511824
峨边彝族自治县,-,156511132
仁布县,-,156540229
金口河区,-,156511113
扎囊县,-,156540521
桑日县,-,156540523
桑珠孜区,-,156540202
贡嘎县,-,156540522
昂仁县,-,156540226
墨脱县,-,156540423
萨嘎县,-,156540236
汉源县,-,156511823
曲水县,-,156540124
五通桥区,-,156511112
沙湾区,-,156511111
尼木县,-,156540123
谢通门县,-,156540227
荣县,-,156510321
市中区,-,156511102
峨眉山市,-,156511181
巴宜区,-,156540402
堆龙德庆区,-,156540103
井研县,-,156511124
城关区,-,156540102
达孜区,-,156540104
左贡县,-,156540327
芒康县,-,156540328
南木林县,-,156540221
夹江县,-,156511126
仲巴县,-,156540232
荥经县,-,156511822
青神县,-,156511425
墨竹工卡县,-,156540127
波密县,-,156540424
工布江达县,-,156540421
林周县,-,156540121
洪雅县,-,156511423
泸定县,-,156513322
仁寿县,-,156511421
理塘县,-,156513334
康定市,-,156513301
巴塘县,-,156513335
雨城区,-,156511802
丹棱县,-,156511424
雅江县,-,156513325
东坡区,-,156511402
八宿县,-,156540326
天全县,-,156511825
名山区,-,156511803
芦山县,-,156511826
彭山区,-,156511403
蒲江县,-,156510131
普兰县,-,156542521
宝兴县,-,156511827
新津区,-,156510118
邛崃市,-,156510183
当雄县,-,156540122
龙泉驿区,-,156510112
双流区,-,156510116
大邑县,-,156510129
崇州市,-,156510184
嘉黎县,-,156540621
武侯区,-,156510107
察雅县,-,156540325
锦江区,-,156510104
成华区,-,156510108
青羊区,-,156510105
温江区,-,156510115
金牛区,-,156510106
洛隆县,-,156540329
郫都区,-,156510117
新都区,-,156510114
贡觉县,-,156540322
金堂县,-,156510121
青白江区,-,156510113
丹巴县,-,156513323
申扎县,-,156540625
边坝县,-,156540330
新龙县,-,156513329
广汉市,-,156510681
道孚县,-,156513326
都江堰市,-,156510181
彭州市,-,156510182
小金县,-,156513227
措勤县,-,156542527
什邡市,-,156510682
卡若区,-,156540302
旌阳区,-,156510603
白玉县,-,156513331
类乌齐县,-,156540323
罗江区,-,156510604
绵竹市,-,156510683
炉霍县,-,156513327
班戈县,-,156540627
丁青县,-,156540324
理县,-,156513222
色尼区,-,156540602
金川县,-,156513226
汶川县,-,156513221
比如县,-,156540622
札达县,-,156542522
江达县,-,156540321
甘孜县,-,156513328
北川羌族自治县,-,156510726
茂县,-,156513223
尼玛县,-,156540629
德格县,-,156513330
索县,-,156540626
马尔康市,-,156513201
巴青县,-,156540628
黑水县,-,156513228
聂荣县,-,156540623
囊谦县,-,156632725
安多县,-,156540624
壤塘县,-,156513230
色达县,-,156513333
改则县,-,156542526
革吉县,-,156542525
平武县,-,156510727
双湖县,-,156540630
噶尔县,-,156542523
松潘县,-,156513224
红原县,-,156513233
杂多县,-,156632722
阿坝县,-,156513231
班玛县,-,156632622
石渠县,-,156513332
玉树市,-,156632701
九寨沟县,-,156513225
称多县,-,156632723
日土县,-,156542524
久治县,-,156632625
若尔盖县,-,156513232
达日县,-,156632624
舟曲县,-,156623023
治多县,-,156632724
甘德县,-,156632623
玛曲县,-,156623025
宕昌县,-,156621223
迭部县,-,156623024
曲麻莱县,-,156632726
岷县,-,156621126
玛沁县,-,156632621
卓尼县,-,156623022
碌曲县,-,156623026
临潭县,-,156623021
河南蒙古族自治县,-,156632324
漳县,-,156621125
玛多县,-,156632626
合作市,-,156623001
泽库县,-,156632323
渭源县,-,156621123
吉阳区,-,156460203
海棠区,-,156460202
天涯区,-,156460204
崖州区,-,156460205
陵水黎族自治县,-,156469028
保亭黎族苗族自治县,-,156469029
乐东黎族自治县,-,156469027
五指山市,-,156469001
万宁市,-,156469006
琼中黎族苗族自治县,-,156469030
东方市,-,156469007
白沙黎族自治县,-,156469025
琼海市,-,156469002
昌江黎族自治县,-,156469026
屯昌县,-,156469022
儋州市,-,156460400
文昌市,-,156469005
定安县,-,156469021
澄迈县,-,156469023
临高县,-,156469024
琼山区,-,156460107
秀英区,-,156460105
美兰区,-,156460108
龙华区,-,156460106
徐闻县,-,156440825
雷州市,-,156440882
霞山区,-,156440803
坡头区,-,156440804
麻章区,-,156440811
赤坎区,-,156440802
遂溪县,-,156440823
吴川市,-,156440883
银海区,-,156450503
海城区,-,156450502
电白区,-,156440904
铁山港区,-,156450512
东兴市,-,156450681
廉江市,-,156440881
茂南区,-,156440902
港口区,-,156450602
合浦县,-,156450521
化州市,-,156440982
阳西县,-,156441721
防城区,-,156450603
江城区,-,156441702
阳东区,-,156441704
高州市,-,156440981
钦南区,-,156450702
钦北区,-,156450702
凭祥市,-,156451481
宁明县,-,156451422
金湾区,-,156440404
上思县,-,156450621
阳春市,-,156441781
恩平市,-,156440785
斗门区,-,156440403
南区,-,156810105
台山市,-,156440781
离岛区,-,156810110
香洲区,-,156440402
浦北县,-,156450722
博白县,-,156450923
湾仔区,-,156810107
中西区,-,156810101
东区,-,156810102
油尖旺区,-,156810109
观塘区,-,156810104
九龙城区,-,156810103
陆川县,-,156450922
深水埗区,-,156810106
黄大仙区,-,156810108
龙州县,-,156451423
葵青区,-,156810111
信宜市,-,156440983
开平市,-,156440783
荃湾区,-,156810117
西贡区,-,156810113
沙田区,-,156810114
屯门区,-,156810115
江州区,-,156451402
灵山县,-,156450721
元朗区,-,156810118
大埔区,-,156810116
新会区,-,156440705
北区,-,156810112
福田区,-,156440304
南山区,-,156440305
福绵区,-,156450903
罗湖区,-,156440303
宝安区,-,156440306
盐田区,-,156440308
江海区,-,156440704
蓬江区,-,156440703
玉州区,-,156450902
扶绥县,-,156451421
横县,-,156450127
屏东县,-,156710011
新兴县,-,156445321
北流市,-,156450981
龙岗区,-,156440307
兴业县,-,156450924
良庆区,-,156450108
邕宁区,-,156450109
鹤山市,-,156440784
罗定市,-,156445381
城区,-,156441502
江南区,-,156450105
青秀区,-,156450103
惠阳区,-,156441303
南沙区,-,156440115
顺德区,-,156440606
大新县,-,156451424
西乡塘区,-,156450107
兴宁区,-,156450102
容县,-,156450921
高明区,-,156440608
陆丰市,-,156441581
岑溪市,-,156450481
云城区,-,156445302
番禺区,-,156440113
海丰县,-,156441521
惠东县,-,156441323
禅城区,-,156440604
高要区,-,156441204
南海区,-,156440605
惠来县,-,156445224
端州区,-,156441202
云安区,-,156445303
港南区,-,156450803
天等县,-,156451425
海珠区,-,156440105
惠城区,-,156441302
黄埔区,-,156440112
港北区,-,156450802
天河区,-,156440106
麻栗坡县,-,156532624
荔湾区,-,156440103
覃塘区,-,156450804
越秀区,-,156440104
靖西市,-,156451081
德庆县,-,156441226
三水区,-,156440607
白云区,-,156440111
鼎湖区,-,156441203
武鸣区,-,156450110
隆安县,-,156450123
博罗县,-,156441322
宾阳县,-,156450126
郁南县,-,156445322
潮南区,-,156440514
增城区,-,156440118
潮阳区,-,156440513
濠江区,-,156440512
普宁市,-,156445281
陆河县,-,156441523
德保县,-,156451024
四会市,-,156441284
平果市,-,156451082
金平区,-,156440511
龙湖区,-,156440507
藤县,-,156450422
那坡县,-,156451026
桂平市,-,156450881
花都区,-,156440114
龙圩区,-,156450406
南澳县,-,156440523
封开县,-,156441225
揭西县,-,156445222
上林县,-,156450125
西畴县,-,156532623
嘉义县,-,156716000
潮安区,-,156445103
澄海区,-,156440515
万秀区,-,156450403
嘉义市,-,156715000
长洲区,-,156450405
榕城区,-,156445202
平南县,-,156450821
从化区,-,156440117
揭东区,-,156445203
澎湖县,-,156710010
武宣县,-,156451323
田东县,-,156451022
富宁县,-,156532628
广宁县,-,156441223
紫金县,-,156441621
饶平县,-,156445122
湘桥区,-,156445102
清城区,-,156441802
东山县,-,156350626
马山县,-,156450124
诏安县,-,156350624
兴宾区,-,156451302
龙门县,-,156441324
源城区,-,156441602
清新区,-,156441803
田阳区,-,156451003
大化瑶族自治县,-,156451229
丰顺县,-,156441423
东源县,-,156441625
合山市,-,156451381
佛冈县,-,156441821
右江区,-,156451002
怀集县,-,156441224
都安瑶族自治县,-,156451228
五华县,-,156441424
云霄县,-,156350622
象州县,-,156451322
广南县,-,156532627
新丰县,-,156440233
忻城县,-,156451321
龙川县,-,156441622
漳浦县,-,156350623
兴宁市,-,156441481
金秀瑶族自治县,-,156451324
巴马瑶族自治县,-,156451227
昭平县,-,156451121
英德市,-,156441881
蒙山县,-,156450423
柳江区,-,156450206
梅县区,-,156441403
田林县,-,156451029
梅江区,-,156441402
城中区,-,156450202
鱼峰区,-,156450203
柳南区,-,156450204
凌云县,-,156451027
大埔县,-,156441422
翁源县,-,156440229
柳北区,-,156450205
平和县,-,156350628
连平县,-,156441623
八步区,-,156451102
金门县,-,156350527
和平县,-,156441624
思明区,-,156350203
龙海市,-,156350681
阳山县,-,156441823
鹿寨县,-,156450223
海沧区,-,156350205
宜州区,-,156451203
荔浦市,-,156450381
西林县,-,156451030
龙文区,-,156350603
东兰县,-,156451224
芗城区,-,156350602
湖里区,-,156350206
南靖县,-,156350627
钟山县,-,156451122
凤山县,-,156451223
平远县,-,156441426
连山壮族瑶族自治县,-,156441825
集美区,-,156350211
翔安区,-,156350213
长泰县,-,156350625
平乐县,-,156450330
柳城县,-,156450222
蕉岭县,-,156441427
曲江区,-,156440205
金城江区,-,156451202
同安区,-,156350212
永定区,-,156350803
连南瑶族自治县,-,156441826
石狮市,-,156350581
全南县,-,156360729
隆林各族自治县,-,156451031
乳源瑶族自治县,-,156440232
罗城仫佬族自治县,-,156451225
阳朔县,-,156450321
连州市,-,156441882
晋江市,-,156350582
定南县,-,156360728
乐业县,-,156451028
武江区,-,156440203
浈江区,-,156440204
富川瑶族自治县,-,156451123
环江毛南族自治县,-,156451226
恭城瑶族自治县,-,156450332
鲤城区,-,156350502
丰泽区,-,156350503
龙南市,-,156360783
洛江区,-,156350504
始兴县,-,156440222
南安市,-,156350583
寻乌县,-,156360734
南丹县,-,156451221
永福县,-,156450326
册亨县,-,156522327
天峨县,-,156451222
华安县,-,156350629
惠安县,-,156350521
上杭县,-,156350823
安溪县,-,156350524
融水苗族自治县,-,156450225
仁化县,-,156440224
兴义市,-,156522301
武平县,-,156350824
新罗区,-,156350802
安龙县,-,156522328
雁山区,-,156450311
南雄市,-,156440282
乐昌市,-,156440281
泉港区,-,156350505
安远县,-,156360726
望谟县,-,156522326
江华瑶族自治县,-,156431129
融安县,-,156450224
临桂区,-,156450312
七星区,-,156450305
象山区,-,156450304
秀峰区,-,156450302
江永县,-,156431125
临武县,-,156431025
漳平市,-,156350881
叠彩区,-,156450303
秀屿区,-,156350305
永春县,-,156350525
仙游县,-,156350322
蓝山县,-,156431127
信丰县,-,156360722
贞丰县,-,156522325
宜章县,-,156431022
大余县,-,156360723
灵川县,-,156450323
荔波县,-,156522722
城厢区,-,156350302
罗甸县,-,156522728
荔城区,-,156350304
兴仁市,-,156522302
涵江区,-,156350303
灌阳县,-,156450327
德化县,-,156350526
平潭县,-,156350128
道县,-,156431124
台东县,-,156710013
云林县,-,156710022
南投县,-,156718000
花莲县,-,156713000
彰化县,-,156710023
苗栗县,-,156717000
宜兰县,-,156710021
新竹市,-,156710019
新竹县,-,156710020
基隆市,-,156714000
宁远县,-,156431126
嘉禾县,-,156431024
兴安县,-,156450325
紫云苗族布依族自治县,-,156520425
从江县,-,156522633
三江侗族自治县,-,156450226
普安县,-,156522323
龙胜各族自治县,-,156450328
独山县,-,156522726
平塘县,-,156522727
晴隆县,-,156522324
新田县,-,156431128
全州县,-,156450324
榕江县,-,156522632
关岭布依族苗族自治县,-,156520424
双牌县,-,156431123
三都水族自治县,-,156522732
长顺县,-,156522729
资源县,-,156450329
镇宁布依族苗族自治县,-,156520423
惠水县,-,156522731
通道侗族自治县,-,156431230
丹寨县,-,156522636
六枝特区,-,156520203
零陵区,-,156431102
黎平县,-,156522631
西秀区,-,156520402
都匀市,-,156522701
普定县,-,156520422
雷山县,-,156522634
城步苗族自治县,-,156430529
东安县,-,156431122
平坝区,-,156520403
花溪区,-,156520111
常宁市,-,156430482
新宁县,-,156430528
龙里县,-,156522730
冷水滩区,-,156431103
麻江县,-,156522635
水城区,-,156520221
清镇市,-,156520181
凯里市,-,156522601
南明区,-,156520102
钟山区,-,156520201
靖州苗族侗族自治县,-,156431229
祁阳县,-,156431121
绥宁县,-,156430527
贵定县,-,156522723
云岩区,-,156520103
乌当区,-,156520112
织金县,-,156520524
台江县,-,156522630
锦屏县,-,156522628
白云区,-,156520113
福泉市,-,156522702
武冈市,-,156430581
剑河县,-,156522629
纳雍县,-,156520525
祁东县,-,156430426
修文县,-,156520123
会同县,-,156431225
黄平县,-,156522622
天柱县,-,156522627
三穗县,-,156522624
衡阳县,-,156430421
邵阳县,-,156430523
黔西县,-,156520522
施秉县,-,156522623
镇远县,-,156522625
开阳县,-,156520121
洞口县,-,156430525
瓮安县,-,156522725
息烽县,-,156520122
隆回县,-,156430524
赫章县,-,156520527
大方县,-,156520521
岑巩县,-,156522626
洪江市,-,156431281
余庆县,-,156520329
大祥区,-,156430503
双清区,-,156430502
玉屏侗族自治县,-,156520622
北塔区,-,156430511
邵东市,-,156430582
七星关区,-,156520502
新邵县,-,156430522
新晃侗族自治县,-,156431227
中方县,-,156431221
镇雄县,-,156530627
芷江侗族自治县,-,156431228
双峰县,-,156431321
金沙县,-,156520523
石阡县,-,156520623
万山区,-,156520603
播州区,-,156520304
鹤城区,-,156431202
红花岗区,-,156520302
冷水江市,-,156431381
碧江区,-,156520603
涟源市,-,156431382
江口县,-,156520621
新化县,-,156431322
娄星区,-,156431302
湄潭县,-,156520328
汇川区,-,156520303
仁怀市,-,156520382
威信县,-,156530629
麻阳苗族自治县,-,156431226
溆浦县,-,156431224
韶山市,-,156430382
思南县,-,156520624
绥阳县,-,156520323
凤凰县,-,156433123
凤冈县,-,156520327
印江土家族苗族自治县,-,156520625
辰溪县,-,156431223
古蔺县,-,156510525
桐梓县,-,156520322
松桃苗族自治县,-,156520628
叙永县,-,156510524
泸溪县,-,156433122
吉首市,-,156433101
德江县,-,156520626
兴文县,-,156511528
习水县,-,156520330
安化县,-,156430923
珙县,-,156511526
秀山土家族苗族自治县,-,156500241
沅陵县,-,156431222
桃江县,-,156430922
正安县,-,156520324
务川仡佬族苗族自治县,-,156520326
沿河土家族自治县,-,156520627
花垣县,-,156433124
赫山区,-,156430903
长宁县,-,156511524
赤水市,-,156520381
资阳区,-,156430902
古丈县,-,156433126
保靖县,-,156433125
江安县,-,156511523
翠屏区,-,156511502
纳溪区,-,156510503
合江县,-,156510522
酉阳土家族苗族自治县,-,156500242
沅江市,-,156430981
南溪区,-,156511503
道真仡佬族苗族自治县,-,156520325
江阳区,-,156510502
桃源县,-,156430725
汉寿县,-,156430722
龙马潭区,-,156510504
永顺县,-,156433127
鼎城区,-,156430703
綦江区,-,156500110
武陵区,-,156430702
永定区,-,156430802
泸县,-,156510521
南川区,-,156500119
富顺县,-,156510322
沿滩区,-,156510311
江津区,-,156500116
彭水苗族土家族自治县,-,156500243
武隆县,-,156500156
自流井区,-,156510302
隆昌市,-,156511083
贡井区,-,156510303
武陵源区,-,156430811
永川区,-,156500118
南县,-,156430921
大安区,-,156510304
桑植县,-,156430822
巴南区,-,156500113
荣昌区,-,156500153
安乡县,-,156430721
慈利县,-,156430821
临澧县,-,156430724
龙山县,-,156433130
大渡口区,-,156500104
来凤县,-,156422827
九龙坡区,-,156500107
南岸区,-,156500108
威远县,-,156511024
黔江区,-,156500114
沙坪坝区,-,156500106
渝中区,-,156500103
石门县,-,156430726
市中区,-,156511002
璧山区,-,156500120
东兴区,-,156511011
津市市,-,156430781
江北区,-,156500105
澧县,-,156430723
咸丰县,-,156422826
涪陵区,-,156500102
大足区,-,156500111
渝北区,-,156500112
石首市,-,156421081
资中县,-,156511025
北碚区,-,156500109
铜梁区,-,156500151
长寿区,-,156500115
丰都县,-,156500230
鹤峰县,-,156422828
合川区,-,156500117
宣恩县,-,156422825
石柱土家族自治县,-,156500240
江陵县,-,156421024
公安县,-,156421022
安岳县,-,156512021
雁江区,-,156512002
松滋市,-,156421087
潼南区,-,156500152
五峰土家族自治县,-,156420529
乐至县,-,156512022
利川市,-,156422802
恩施市,-,156422801
忠县,-,156500233
沙市区,-,156421002
垫江县,-,156500231
邻水县,-,156511623
汝城县,-,156431026
会昌县,-,156360733
南康区,-,156360703
崇义县,-,156360725
大田县,-,156350425
连城县,-,156350825
福清市,-,156350181
桂阳县,-,156431021
北湖区,-,156431002
上犹县,-,156360724
苏仙区,-,156431003
章贡区,-,156360702
长汀县,-,156350821
永泰县,-,156350125
瑞金市,-,156360781
永安市,-,156350481
于都县,-,156360731
赣县区,-,156360704
长乐区,-,156350112
资兴市,-,156431081
马尾区,-,156350105
仓山区,-,156350104
台江区,-,156350103
桂东县,-,156431027
晋安区,-,156350111
鼓楼区,-,156350102
永兴县,-,156431023
闽侯县,-,156350121
尤溪县,-,156350426
清流县,-,156350423
连江县,-,156350122
闽清县,-,156350124
三元区,-,156350403
宁化县,-,156350424
梅列区,-,156350402
遂川县,-,156360827
石城县,-,156360735
兴国县,-,156360732
明溪县,-,156350421
沙县,-,156350427
耒阳市,-,156430481
万安县,-,156360828
宁都县,-,156360730
罗源县,-,156350123
炎陵县,-,156430225
古田县,-,156350922
延平区,-,156350702
蕉城区,-,156350902
安仁县,-,156431028
将乐县,-,156350428
衡南县,-,156430422
井冈山市,-,156360881
茶陵县,-,156430224
泰和县,-,156360826
顺昌县,-,156350721
建宁县,-,156350430
广昌县,-,156361030
霞浦县,-,156350921
雁峰区,-,156430406
珠晖区,-,156430405
泰宁县,-,156350429
屏南县,-,156350923
蒸湘区,-,156430408
石鼓区,-,156430407
永新县,-,156360830
攸县,-,156430223
建瓯市,-,156350783
吉安县,-,156360821
衡东县,-,156430424
青原区,-,156360803
福安市,-,156350981
周宁县,-,156350925
吉州区,-,156360802
莲花县,-,156360321
南丰县,-,156361023
吉水县,-,156360822
衡山县,-,156430423
南岳区,-,156430412
柘荣县,-,156350926
黎川县,-,156361022
永丰县,-,156360825
福鼎市,-,156350982
建阳区,-,156350703
邵武市,-,156350781
政和县,-,156350725
安福县,-,156360829
乐安县,-,156361025
寿宁县,-,156350924
苍南县,-,156330327
松溪县,-,156350724
光泽县,-,156350723
宜黄县,-,156361026
泰顺县,-,156330329
南城县,-,156361021
峡江县,-,156360823
安源区,-,156360302
庆元县,-,156331126
芦溪县,-,156360323
湘东区,-,156360313
醴陵市,-,156430281
渌口区,-,156430212
资溪县,-,156361028
湘乡市,-,156430381
新干县,-,156360824
武夷山市,-,156350782
崇仁县,-,156361024
湘潭县,-,156430321
芦淞区,-,156430203
文成县,-,156330328
袁州区,-,156360902
渝水区,-,156360502
分宜县,-,156360521
天元区,-,156430211
荷塘区,-,156430202
雨湖区,-,156430302
岳塘区,-,156430304
石峰区,-,156430204
上栗县,-,156360322
浦城县,-,156350722
金溪县,-,156361027
临川区,-,156361002
景宁畲族自治县,-,156331127
樟树市,-,156360982
龙泉市,-,156331181
万载县,-,156360922
天心区,-,156430103
云和县,-,156331125
雨花区,-,156430111
青田县,-,156331121
丰城市,-,156360981
浏阳市,-,156430181
芙蓉区,-,156430102
余江区,-,156360603
上高县,-,156360923
岳麓区,-,156430104
月湖区,-,156360602
长沙县,-,156430121
东乡区,-,156361003
开福区,-,156430105
宁乡市,-,156430182
贵溪市,-,156360681
铅山县,-,156361124
望城区,-,156430112
进贤县,-,156360124
弋阳县,-,156361126
宜丰县,-,156360924
横峰县,-,156361125
高安市,-,156360983
信州区,-,156361102
广丰区,-,156361103
莲都区,-,156331102
广信区,-,156361104
松阳县,-,156331124
铜鼓县,-,156360926
南昌县,-,156360121
遂昌县,-,156331123
青云谱区,-,156360104
西湖区,-,156360103
缙云县,-,156331122
玉山县,-,156361123
青山湖区,-,156360111
东湖区,-,156360102
奉新县,-,156360921
湘阴县,-,156430624
新建区,-,156360112
万年县,-,156361129
余干县,-,156361127
平江县,-,156430626
江山市,-,156330881
汨罗市,-,156430681
安义县,-,156360123
靖安县,-,156360925
永康市,-,156330784
武义县,-,156330723
常山县,-,156330822
德兴市,-,156361181
柯城区,-,156330802
乐平市,-,156360281
衢江区,-,156330803
鄱阳县,-,156361128
永修县,-,156360425
修水县,-,156360424
龙游县,-,156330825
磐安县,-,156330727
婺城区,-,156330702
金东区,-,156330703
开化县,-,156330824
岳阳县,-,156430621
兰溪市,-,156330781
通城县,-,156421222
婺源县,-,156361130
共青城市,-,156360482
武宁县,-,156360423
昌江区,-,156360202
都昌县,-,156360428
东阳市,-,156330783
珠山区,-,156360203
义乌市,-,156330782
德安县,-,156360426
浮梁县,-,156360222
岳阳楼区,-,156430602
庐山市,-,156360427
浦江县,-,156330726
君山区,-,156430611
云溪区,-,156430603
建德市,-,156330182
临湘市,-,156430682
华容县,-,156430623
崇阳县,-,156421223
通山县,-,156421224
淳安县,-,156330127
柴桑区,-,156360404
濂溪区,-,156360402
瑞昌市,-,156360481
屯溪区,-,156341002
诸暨市,-,156330681
赤壁市,-,156421281
浔阳区,-,156360403
湖口县,-,156360429
休宁县,-,156341022
桐庐县,-,156330122
洪湖市,-,156421083
徽州区,-,156341004
阳新县,-,156420222
监利市,-,156421023
武穴市,-,156421182
咸安区,-,156421202
祁门县,-,156341024
歙县,-,156341021
彭泽县,-,156360430
黟县,-,156341023
嘉鱼县,-,156421221
富阳区,-,156330111
绩溪县,-,156341824
黄梅县,-,156421127
柯桥区,-,156330603
大冶市,-,156420281
东至县,-,156341721
梁子湖区,-,156420702
望江县,-,156340827
宿松县,-,156340826
下陆区,-,156420204
萧山区,-,156330109
铁山区,-,156420205
西塞山区,-,156420203
滨江区,-,156330108
石台县,-,156341722
黄石港区,-,156420202
蕲春县,-,156421126
临安区,-,156330112
上城区,-,156330102
江干区,-,156330104
西湖区,-,156330106
黄山区,-,156341003
下城区,-,156330103
旌德县,-,156341825
汉南区,-,156420113
拱墅区,-,156330105
武胜县,-,156511622
荆州区,-,156421003
安居区,-,156510904
宜都市,-,156420581
华蓥市,-,156511681
简阳市,-,156510185
枝江市,-,156420583
长阳土家族自治县,-,156420528
广安区,-,156511602
船山区,-,156510903
猇亭区,-,156420505
岳池县,-,156511621
大英县,-,156510923
建始县,-,156422822
伍家岗区,-,156420503
梁平区,-,156500155
点军区,-,156420504
西陵区,-,156420502
大竹县,-,156511724
蓬溪县,-,156510921
嘉陵区,-,156511304
夷陵区,-,156420506
高坪区,-,156511303
顺庆区,-,156511302
万州区,-,156500101
当阳市,-,156420582
秭归县,-,156420527
渠县,-,156511725
射洪市,-,156510981
云阳县,-,156500235
掇刀区,-,156420804
西充县,-,156511325
奉节县,-,156500236
蓬安县,-,156511323
中江县,-,156510623
巴东县,-,156422823
东宝区,-,156420802
远安县,-,156420525
巫山县,-,156500237
营山县,-,156511322
开江县,-,156511723
三台县,-,156510722
开州区,-,156500154
达川区,-,156511703
盐亭县,-,156510723
通川区,-,156511702
仪陇县,-,156511324
兴山县,-,156420526
南部县,-,156511321
宣汉县,-,156511722
巫溪县,-,156500238
涪城区,-,156510703
游仙区,-,156510704
安州区,-,156510705
阆中市,-,156511381
平昌县,-,156511923
梓潼县,-,156510725
宜城市,-,156420684
苍溪县,-,156510824
神农架林区,-,156429021
江油市,-,156510781
南漳县,-,156420624
恩阳区,-,156511903
巴州区,-,156511902
保康县,-,156420626
镇坪县,-,156610927
通江县,-,156511921
城口县,-,156500229
襄城区,-,156420602
樊城区,-,156420606
房县,-,156420325
万源市,-,156511781
襄州区,-,156420607
竹山县,-,156420323
旺苍县,-,156510821
谷城县,-,156420625
剑阁县,-,156510823
岚皋县,-,156610925
竹溪县,-,156420324
昭化区,-,156510811
南江县,-,156511922
老河口市,-,156420682
平利县,-,156610926
利州区,-,156510802
紫阳县,-,156610924
新野县,-,156411329
镇巴县,-,156610728
丹江口市,-,156420381
青川县,-,156510822
茅箭区,-,156420302
朝天区,-,156510812
张湾区,-,156420303
邓州市,-,156411381
汉滨区,-,156610902
白河县,-,156610929
宁强县,-,156610726
旬阳县,-,156610928
郧阳区,-,156420304
汉阴县,-,156610921
文县,-,156621222
西乡县,-,156610724
郧西县,-,156420322
南郑区,-,156610703
镇平县,-,156411324
石泉县,-,156610922
内乡县,-,156411325
汉台区,-,156610702
淅川县,-,156411326
勉县,-,156610725
城固县,-,156610722
洋县,-,156610723
西峡县,-,156411323
宁陕县,-,156610923
略阳县,-,156610727
康县,-,156621224
武都区,-,156621202
镇安县,-,156611025
南召县,-,156411321
佛坪县,-,156610730
商南县,-,156611023
山阳县,-,156611024
留坝县,-,156610729
柞水县,-,156611026
丹凤县,-,156611022
成县,-,156621221
徽县,-,156621227
栾川县,-,156410324
商州区,-,156611002
两当县,-,156621228
凤县,-,156610330
西和县,-,156621225
卢氏县,-,156411224
太白县,-,156610331
洛南县,-,156611021
鄠邑区,-,156610118
嵩县,-,156410325
蓝田县,-,156610122
汝阳县,-,156410326
长安区,-,156610116
周至县,-,156610124
礼县,-,156621226
雁塔区,-,156610113
碑林区,-,156610103
武功县,-,156610431
新城区,-,156610102
莲湖区,-,156610104
杨陵区,-,156610403
灞桥区,-,156610111
眉县,-,156610326
未央区,-,156610112
兴平市,-,156610481
秦都区,-,156610402
陈仓区,-,156610304
渭城区,-,156610404
临潼区,-,156610115
渭滨区,-,156610302
扶风县,-,156610324
金台区,-,156610303
洛宁县,-,156410328
伊川县,-,156410329
岐山县,-,156610323
礼泉县,-,156610425
临渭区,-,156610502
宜阳县,-,156410327
灵宝市,-,156411282
凤翔县,-,156610322
泾阳县,-,156610423
乾县,-,156610424
高陵区,-,156610117
潼关县,-,156610522
华阴市,-,156610582
麦积区,-,156620503
秦州区,-,156620502
三原县,-,156610422
洛龙区,-,156410311
千阳县,-,156610328
涧西区,-,156410305
西工区,-,156410303
阎良区,-,156610114
麟游县,-,156610329
瀍河回族区,-,156410304
老城区,-,156410302
永寿县,-,156610426
芮城县,-,156140830
陕州区,-,156411203
武山县,-,156620524
新安县,-,156410323
甘谷县,-,156620523
义马市,-,156411281
清水县,-,156620521
富平县,-,156610528
渑池县,-,156411221
湖滨区,-,156411202
大荔县,-,156610523
淳化县,-,156610430
孟津县,-,156410322
平陆县,-,156140829
秦安县,-,156620522
永济市,-,156140881
陇县,-,156610327
耀州区,-,156610204
蒲城县,-,156610526
张家川回族自治县,-,156620525
陇西县,-,156621122
盐湖区,-,156140802
彬州市,-,156610482
灵台县,-,156620822
王益区,-,156610202
旬邑县,-,156610429
夏县,-,156140828
临猗县,-,156140821
仙桃市,-,156429004
江夏区,-,156420115
鄂城区,-,156420704
潜江市,-,156429005
余杭区,-,156330110
黄州区,-,156421102
浠水县,-,156421125
太湖县,-,156340825
洪山区,-,156420111
迎江区,-,156340802
大观区,-,156340803
华容区,-,156420703
德清县,-,156330521
武昌区,-,156420106
汉阳区,-,156420105
蔡甸区,-,156420114
硚口区,-,156420104
江岸区,-,156420102
江汉区,-,156420103
宜秀区,-,156340811
东西湖区,-,156420112
潜山市,-,156340882
宁国市,-,156341881
安吉县,-,156330523
青阳县,-,156341723
青山区,-,156420107
团风县,-,156421121
汉川市,-,156420984
天门市,-,156429006
泾县,-,156341823
贵池区,-,156341702
枞阳县,-,156340722
沙洋县,-,156420822
怀宁县,-,156340822
英山县,-,156421124
罗田县,-,156421123
新洲区,-,156420117
岳西县,-,156340828
南浔区,-,156330503
吴兴区,-,156330502
黄陂区,-,156420116
广德市,-,156341882
南陵县,-,156340223
孝南区,-,156420902
郊区,-,156340711
应城市,-,156420981
铜官区,-,156340705
宣州区,-,156341802
义安区,-,156340706
京山市,-,156420882
云梦县,-,156420923
长兴县,-,156330522
桐城市,-,156340881
繁昌区,-,156340222
郎溪县,-,156341821
湾沚区,-,156340221
钟祥市,-,156420881
麻城市,-,156421181
安陆市,-,156420982
庐江县,-,156340124
孝昌县,-,156420921
红安县,-,156421122
无为市,-,156340281
弋江区,-,156340203
高淳区,-,156320118
虎丘区,-,156320505
镜湖区,-,156340202
宜兴市,-,156320282
鸠江区,-,156340207
霍山县,-,156341525
溧阳市,-,156320481
舒城县,-,156341523
滨湖区,-,156320211
大悟县,-,156420922
梁溪区,-,156320213
当涂县,-,156340521
博望区,-,156340506
锡山区,-,156320205
广水市,-,156421381
巢湖市,-,156340181
新县,-,156411523
溧水区,-,156320117
惠山区,-,156320206
雨山区,-,156340504
花山区,-,156340503
武进区,-,156320412
肥西县,-,156340123
曾都区,-,156421303
金坛区,-,156320413
金寨县,-,156341524
含山县,-,156340522
裕安区,-,156341503
和县,-,156340523
金安区,-,156341502
天宁区,-,156320402
包河区,-,156340111
商城县,-,156411524
钟楼区,-,156320404
新北区,-,156320411
蜀山区,-,156340104
瑶海区,-,156340102
庐阳区,-,156340103
肥东县,-,156340122
江阴市,-,156320281
句容市,-,156321183
江宁区,-,156320115
靖江市,-,156321282
雨花台区,-,156320114
光山县,-,156411522
丹阳市,-,156321181
建邺区,-,156320105
秦淮区,-,156320104
玄武区,-,156320102
浦口区,-,156320111
鼓楼区,-,156320106
全椒县,-,156341124
栖霞区,-,156320113
平桥区,-,156411503
浉河区,-,156411502
枣阳市,-,156420683
潢川县,-,156411526
丹徒区,-,156321112
固始县,-,156411525
泰兴市,-,156321283
润州区,-,156321111
京口区,-,156321102
罗山县,-,156411521
扬中市,-,156321182
仪征市,-,156321081
琅琊区,-,156341102
南谯区,-,156341102
高港区,-,156321203
六合区,-,156320116
息县,-,156411528
霍邱县,-,156341522
邗江区,-,156321003
桐柏县,-,156411330
广陵区,-,156321002
江都区,-,156321012
来安县,-,156341122
淮滨县,-,156411527
长丰县,-,156340121
海陵区,-,156321202
姜堰区,-,156321204
定远县,-,156341125
海安市,-,156320685
寿县,-,156340422
谢家集区,-,156340404
正阳县,-,156411724
颍上县,-,156341226
大通区,-,156340402
八公山区,-,156340405
田家庵区,-,156340403
阜南县,-,156341225
唐河县,-,156411328
天长市,-,156341181
凤台县,-,156340421
泌阳县,-,156411726
新蔡县,-,156411729
潘集区,-,156340406
明光市,-,156341182
高邮市,-,156321084
确山县,-,156411725
凤阳县,-,156341126
东台市,-,156320981
颍州区,-,156341202
兴化市,-,156321281
颍东区,-,156341203
颍泉区,-,156341204
禹会区,-,156340304
龙子湖区,-,156340302
蚌山区,-,156340303
平舆县,-,156411723
淮上区,-,156340311
怀远县,-,156340321
驿城区,-,156411702
卧龙区,-,156411303
宛城区,-,156411302
汝南县,-,156411727
盱眙县,-,156320830
金湖县,-,156320831
社旗县,-,156411327
临泉县,-,156341221
利辛县,-,156341623
五河县,-,156340322
遂平县,-,156411728
太和县,-,156341222
大丰区,-,156320904
宝应县,-,156321023
方城县,-,156411322
界首市,-,156341282
上蔡县,-,156411722
蒙城县,-,156341622
舞钢市,-,156410481
洪泽区,-,156320813
固镇县,-,156340323
盐都区,-,156320903
西平县,-,156411721
亭湖区,-,156320902
沈丘县,-,156411624
舞阳县,-,156411121
泗洪县,-,156321324
建湖县,-,156320925
项城市,-,156411681
泗县,-,156341324
涡阳县,-,156341621
淮安区,-,156320803
灵璧县,-,156341323
商水县,-,156411623
清江浦区,-,156320812
源汇区,-,156411102
召陵区,-,156411104
郾城区,-,156411103
叶县,-,156410422
淮阴区,-,156320804
埇桥区,-,156341302
郸城县,-,156411625
川汇区,-,156411602
泗阳县,-,156321323
淮阳区,-,156411603
卫东区,-,156410403
湛河区,-,156410402
新华区,-,156410402
鲁山县,-,156410423
射阳县,-,156320924
阜宁县,-,156320923
西华县,-,156411622
涟水县,-,156320826
临颍县,-,156411122
襄城县,-,156411025
鹿邑县,-,156411628
宝丰县,-,156410421
谯城区,-,156341602
烈山区,-,156340604
石龙区,-,156410404
睢宁县,-,156320324
濉溪县,-,156340621
永城市,-,156411481
宿豫区,-,156321311
相山区,-,156340603
宿城区,-,156321302
郏县,-,156410425
滨海县,-,156320922
杜集区,-,156340602
魏都区,-,156411002
扶沟县,-,156411621
太康县,-,156411627
灌南县,-,156320724
柘城县,-,156411424
鄢陵县,-,156411024
沭阳县,-,156321322
建安区,-,156411003
禹州市,-,156411081
汝州市,-,156410482
铜山区,-,156320312
萧县,-,156341322
响水县,-,156320921
长葛市,-,156411082
夏邑县,-,156411426
泉山区,-,156320311
云龙区,-,156320303
灌云县,-,156320723
鼓楼区,-,156320302
邳州市,-,156320382
新沂市,-,156320381
睢阳区,-,156411403
新郑市,-,156410184
虞城县,-,156411425
尉氏县,-,156410223
砀山县,-,156341321
贾汪区,-,156320305
梁园区,-,156411402
睢县,-,156411422
登封市,-,156410185
宁陵县,-,156411423
通许县,-,156410222
新密市,-,156410183
东海县,-,156320722
杞县,-,156410221
台儿庄区,-,156370405
海州区,-,156320706
郯城县,-,156371322
民权县,-,156411421
丰县,-,156320321
中牟县,-,156410122
沛县,-,156320322
二七区,-,156410103
偃师市,-,156410381
巩义市,-,156410181
中原区,-,156410102
管城回族区,-,156410104
祥符区,-,156410212
连云区,-,156320703
峄城区,-,156370404
禹王台区,-,156410205
荥阳市,-,156410182
鼓楼区,-,156410204
单县,-,156371722
薛城区,-,156370403
顺河回族区,-,156410203
金水区,-,156410105
上街区,-,156410106
微山县,-,156370826
龙亭区,-,156410202
兰考县,-,156410225
曹县,-,156371721
赣榆区,-,156320707
兰陵县,-,156371324
市中区,-,156370402
惠济区,-,156410108
吉利区,-,156410306
孟州市,-,156410883
临沭县,-,156371329
温县,-,156410825
成武县,-,156371723
罗庄区,-,156371311
鱼台县,-,156370827
封丘县,-,156410727
兰山区,-,156371302
原阳县,-,156410725
金乡县,-,156370828
济源市,-,156419001
定陶区,-,156371703
河东区,-,156371312
沁阳市,-,156410882
武陟县,-,156410823
山亭区,-,156370406
滕州市,-,156370481
岚山区,-,156371103
延津县,-,156410726
平阳县,-,156330326
瑞安市,-,156330381
洞头区,-,156330305
龙湾区,-,156330303
瓯海区,-,156330304
鹿城区,-,156330302
乐清市,-,156330382
玉环市,-,156331083
永嘉县,-,156330324
温岭市,-,156331081
路桥区,-,156331004
黄岩区,-,156331003
椒江区,-,156331002
仙居县,-,156331024
临海市,-,156331082
三门县,-,156331022
天台县,-,156331023
宁海县,-,156330226
象山县,-,156330225
新昌县,-,156330624
嵊州市,-,156330683
奉化区,-,156330213
鄞州区,-,156330212
海曙区,-,156330203
江北区,-,156330205
北仑区,-,156330206
镇海区,-,156330211
普陀区,-,156330903
越城区,-,156330602
定海区,-,156330902
上虞区,-,156330604
余姚市,-,156330281
慈溪市,-,156330282
岱山县,-,156330921
海宁市,-,156330481
海盐县,-,156330424
桐乡市,-,156330483
平湖市,-,156330482
嵊泗县,-,156330922
金山区,-,156310116
南湖区,-,156330402
秀洲区,-,156330411
嘉善县,-,156330421
奉贤区,-,156310120
松江区,-,156310117
闵行区,-,156310112
吴江区,-,156320509
青浦区,-,156310118
徐汇区,-,156310104
长宁区,-,156310105
浦东新区,-,156310115
静安区,-,156310106
黄浦区,-,156310101
普陀区,-,156310107
杨浦区,-,156310110
吴中区,-,156320506
虹口区,-,156310109
姑苏区,-,156320508
相城区,-,156320507
嘉定区,-,156310114
昆山市,-,156320583
宝山区,-,156310113
太仓市,-,156320585
崇明区,-,156310151
常熟市,-,156320581
启东市,-,156320681
海门区,-,156320684
张家港市,-,156320582
崇川区,-,156320602
通州区,-,156320612
如东县,-,156320623
如皋市,-,156320682
夏河县,-,156623027
同德县,-,156632522
康乐县,-,156622922
临洮县,-,156621124
和政县,-,156622925
广河县,-,156622924
临夏县,-,156622921
同仁市,-,156632301
贵南县,-,156632525
兴海县,-,156632524
临夏市,-,156622901
东乡族自治县,-,156622926
积石山保安族东乡族撒拉族自治县,-,156622927
榆中县,-,156620123
循化撒拉族自治县,-,156630225
尖扎县,-,156632322
永靖县,-,156622923
贵德县,-,156632523
城关区,-,156620102
七里河区,-,156620103
西固区,-,156620104
化隆回族自治县,-,156630224
安宁区,-,156620105
共和县,-,156632521
都兰县,-,156632822
民和回族土族自治县,-,156630222
皋兰县,-,156620122
红古区,-,156620111
格尔木市,-,156632801
乐都区,-,156630202
平安区,-,156630203
湟中区,-,156630106
白银区,-,156620402
城东区,-,156630102
城中区,-,156630103
城西区,-,156630104
城北区,-,156630105
湟源县,-,156630123
永登县,-,156620121
互助土族自治县,-,156630223
于田县,-,156653226
海晏县,-,156632223
大通回族土族自治县,-,156630121
乌兰县,-,156632821
天祝藏族自治县,-,156620623
策勒县,-,156653225
民丰县,-,156653227
洛浦县,-,156653224
和田县,-,156653201
和田市,-,156653201
景泰县,-,156620423
墨玉县,-,156653222
天峻县,-,156632823
刚察县,-,156632224
德令哈市,-,156632802
门源回族自治县,-,156632221
古浪县,-,156620622
皮山县,-,156653223
塔什库尔干塔吉克自治县,-,156653131
叶城县,-,156653126
凉州区,-,156620602
且末县,-,156652825
祁连县,-,156632222
泽普县,-,156653124
永昌县,-,156620321
莎车县,-,156653125
民乐县,-,156620722
金川区,-,156620302
民勤县,-,156620621
山丹县,-,156620725
肃南裕固族自治县,-,156620721
麦盖提县,-,156653127
甘州区,-,156620702
英吉沙县,-,156653123
若羌县,-,156652824
阿克陶县,-,156653022
临泽县,-,156620723
阿拉善右旗,-,156152922
岳普湖县,-,156653128
疏附县,-,156653121
高台县,-,156620724
疏勒县,-,156653122
喀什市,-,156653101
伽师县,-,156653129
肃北蒙古族自治县,-,156620923
阿克塞哈萨克族自治县,-,156620924
阿图什市,-,156653001
乌恰县,-,156653024
肃州区,-,156620902
巴楚县,-,156653130
图木舒克市,-,156659003
金塔县,-,156620921
敦煌市,-,156620982
玉门市,-,156620981
柯坪县,-,156652929
瓜州县,-,156620922
阿拉尔市,-,156659002
阿瓦提县,-,156652928
阿合奇县,-,156653023
阿克苏市,-,156652901
乌什县,-,156652927
沙雅县,-,156652924
温宿县,-,156652922
尉犁县,-,156652823
新和县,-,156652925
库车市,-,156652902
库尔勒市,-,156652801
轮台县,-,156652822
拜城县,-,156652926
铁门关市,-,156659006
额济纳旗,-,156152923
博湖县,-,156652829
焉耆回族自治县,-,156652826
和硕县,-,156652828
和静县,-,156652827
托克逊县,-,156650422
伊州区,-,156650502
鄯善县,-,156650421
高昌区,-,156650402
昭苏县,-,156654026
特克斯县,-,156654027
伊吾县,-,156650522
达坂城区,-,156650107
新源县,-,156654025
乌鲁木齐县,-,156650121
巩留县,-,156654024
巴里坤哈萨克自治县,-,156650521
天山区,-,156650102
尼勒克县,-,156654028
沙依巴克区,-,156650103
水磨沟区,-,156650105
木垒哈萨克自治县,-,156652328
察布查尔锡伯自治县,-,156654022
新市区,-,156650104
头屯河区,-,156650106
伊宁市,-,156654002
米东区,-,156650109
伊宁县,-,156654021
吉木萨尔县,-,156652327
昌吉市,-,156652301
奇台县,-,156652325
霍城县,-,156654023
阜康市,-,156652302
五家渠市,-,156659004
呼图壁县,-,156652323
玛纳斯县,-,156652324
石河子市,-,156659001
沙湾县,-,156654223
独山子区,-,156650202
乌苏市,-,156654202
奎屯市,-,156654003
精河县,-,156652722
博乐市,-,156652701
双河市,-,156659007
温泉县,-,156652723
阿拉山口市,-,156652702
克拉玛依区,-,156650203
白碱滩区,-,156650204
托里县,-,156654224
乌尔禾区,-,156650205
裕民县,-,156654225
额敏县,-,156654221
青河县,-,156654325
塔城市,-,156654201
和布克赛尔蒙古自治县,-,156654226
富蕴县,-,156654322
福海县,-,156654323
北屯市,-,156659005
吉木乃县,-,156654326
布尔津县,-,156654321
阿勒泰市,-,156654301
哈巴河县,-,156654324
博爱县,-,156410822
莒南县,-,156371327
白水县,-,156610527
澄城县,-,156610525
新乡县,-,156410721
长垣市,-,156410783
庄浪县,-,156620825
长武县,-,156610428
通渭县,-,156621121
山阳区,-,156410811
华亭市,-,156620881
修武县,-,156410821
中站区,-,156410803
合阳县,-,156610524
解放区,-,156410802
牡丹区,-,156371702
马村区,-,156410804
获嘉县,-,156410724
费县,-,156371325
东明县,-,156371728
垣曲县,-,156140827
卫滨区,-,156410703
崇信县,-,156620823
红旗区,-,156410702
牧野区,-,156410711
泾川县,-,156620821
闻喜县,-,156140823
凤泉区,-,156410704
巨野县,-,156371724
卫辉市,-,156410781
宜君县,-,156610222
邹城市,-,156370883
任城区,-,156370811
嘉祥县,-,156370829
万荣县,-,156140822
东港区,-,156371102
辉县市,-,156410782
韩城市,-,156610581
阳城县,-,156140522
绛县,-,156140826
正宁县,-,156621025
泾源县,-,156640424
城区,-,156140502
宁县,-,156621026
泽州县,-,156140502
平邑县,-,156371326
静宁县,-,156620826
崆峒区,-,156620802
沂南县,-,156371321
兖州区,-,156370812
鄄城县,-,156371726
滑县,-,156410526
黄陵县,-,156610632
莒县,-,156371122
曲阜市,-,156370881
安定区,-,156621102
黄龙县,-,156610631
河津市,-,156140882
郓城县,-,156371725
稷山县,-,156140824
淇县,-,156410622
新绛县,-,156140825
侯马市,-,156141081
隆德县,-,156640423
曲沃县,-,156141021
泗水县,-,156370831
浚县,-,156410621
镇原县,-,156621027
沁水县,-,156140521
会宁县,-,156620422
蒙阴县,-,156371328
濮阳县,-,156410928
西峰区,-,156621002
汶上县,-,156370830
翼城县,-,156141022
淇滨区,-,156410611
五莲县,-,156371121
宁阳县,-,156370921
洛川县,-,156610629
陵川县,-,156140524
华龙区,-,156410902
沂水县,-,156371323
高平市,-,156140581
梁山县,-,156370832
合水县,-,156621024
彭阳县,-,156640425
范县,-,156410926
襄汾县,-,156141023
清丰县,-,156410922
山城区,-,156410603
新泰市,-,156370982
汤阴县,-,156410523
东平县,-,156370923
内黄县,-,156410527
鹤山区,-,156410602
黄岛区,-,156370211
西吉县,-,156640422
浮山县,-,156141027
台前县,-,156410927
乡宁县,-,156141029
富县,-,156610628
诸城市,-,156370782
原州区,-,156640402
庆城县,-,156621021
宜川县,-,156610630
上党区,-,156140404
钢城区,-,156370117
南乐县,-,156410923
市南区,-,156370202
龙安区,-,156410506
林州市,-,156410581
尧都区,-,156141002
市北区,-,156370203
文峰区,-,156410502
吉县,-,156141028
安阳县,-,156410522
北关区,-,156410503
崂山区,-,156370212
殷都区,-,156410505
阳谷县,-,156371521
壶关县,-,156140427
长子县,-,156140428
李沧区,-,156370213
安泽县,-,156141026
九龙镇,-,156370281
肥城市,-,156370983
沂源县,-,156370323
岱岳区,-,156370911
泰山区,-,156370902
平顺县,-,156140425
莱芜区,-,156370116
潞州区,-,156140403
莘县,-,156371522
洪洞县,-,156141024
胶州市,-,156370281
古县,-,156141025
甘泉县,-,156610627
大名县,-,156130425
平阴县,-,156370124
城阳区,-,156370214
屯留区,-,156140405
潞城区,-,156140406
临漳县,-,156130423
东阿县,-,156371524
魏县,-,156130434
磁县,-,156130427
高密市,-,156370785
即墨区,-,156370215
蒲县,-,156141033
峰峰矿区,-,156130406
东昌府区,-,156371502
成安县,-,156130424
华池县,-,156621023
大宁县,-,156141030
安丘市,-,156370784
冠县,-,156371525
广平县,-,156130432
博山区,-,156370304
沁源县,-,156140431
邯山区,-,156130402
黎城县,-,156140426
临朐县,-,156370724
馆陶县,-,156130433
襄垣县,-,156140423
肥乡区,-,156130407
长清区,-,156370113
靖远县,-,156620421
海原县,-,156640522
环县,-,156621022
霍州市,-,156141082
延长县,-,156610621
茌平区,-,156371503
涉县,-,156130426
宝塔区,-,156610602
复兴区,-,156130404
丛台区,-,156130403
淄川区,-,156370302
市中区,-,156370103
槐荫区,-,156370104
汾西县,-,156141034
坊子区,-,156370704
历下区,-,156370102
天桥区,-,156370105
历城区,-,156370112
青州市,-,156370781
海阳市,-,156370687
隰县,-,156141031
武安市,-,156130481
昌乐县,-,156370725
奎文区,-,156370705
章丘区,-,156370114
平川区,-,156620403
潍城区,-,156370702
沁县,-,156140430
永和县,-,156141032
寒亭区,-,156370703
平度市,-,156370283
永年区,-,156130408
曲周县,-,156130435
齐河县,-,156371425
周村区,-,156370306
张店区,-,156370303
邱县,-,156130430
志丹县,-,156610625
临淄区,-,156370305
武乡县,-,156140429
临清市,-,156371581
灵石县,-,156140729
沙河市,-,156130582
寿光市,-,156370783
昌邑市,-,156370786
邹平市,-,156371681
安塞区,-,156610603
高唐县,-,156371526
临西县,-,156130535
延川县,-,156610622
莱西市,-,156370285
鸡泽县,-,156130431
乳山市,-,156371083
吴起县,-,156610626
禹城市,-,156371482
夏津县,-,156371427
桓台县,-,156370321
威县,-,156130533
济阳区,-,156370115
莱阳市,-,156370682
同心县,-,156640324
交口县,-,156141130
石楼县,-,156141126
南和区,-,156130506
介休市,-,156140781
广饶县,-,156370523
信都区,-,156130503
平乡县,-,156130532
襄都区,-,156130502
榆社县,-,156140721
清河县,-,156130534
广宗县,-,156130531
左权县,-,156140722
清涧县,-,156610830
任泽区,-,156130505
子长市,-,156610681
孝义市,-,156141181
博兴县,-,156371625
荣成市,-,156371082
平原县,-,156371426
高青县,-,156370322
莱州市,-,156370683
平遥县,-,156140728
临邑县,-,156371424
文登区,-,156371003
武城县,-,156371428
巨鹿县,-,156130529
汾阳市,-,156141182
内丘县,-,156130523
商河县,-,156370126
和顺县,-,156140723
栖霞市,-,156370686
陵城区,-,156371403
故城县,-,156131126
隆尧县,-,156130525
招远市,-,156370685
中阳县,-,156141129
祁县,-,156140727
南宫市,-,156130581
牟平区,-,156370612
太谷区,-,156140703
红寺堡区,-,156640303
柳林县,-,156141125
滨城区,-,156371602
文水县,-,156141121
临城县,-,156130522
东营区,-,156370502
德城区,-,156371402
吴堡县,-,156610829
柏乡县,-,156130524
惠民县,-,156371621
利津县,-,156370522
中宁县,-,156640521
福山区,-,156370611
环翠区,-,156371002
绥德县,-,156610826
莱山区,-,156370613
枣强县,-,156131121
沙坡头区,-,156640502
离石区,-,156141102
新河县,-,156130530
芝罘区,-,156370602
冀州区,-,156131103
交城县,-,156141122
垦利区,-,156370505
定边县,-,156610825
靖边县,-,156610824
清徐县,-,156140121
子洲县,-,156610831
昔阳县,-,156140724
高邑县,-,156130127
宁晋县,-,156130528
吴桥县,-,156130928
阳信县,-,156371622
龙口市,-,156370681
宁津县,-,156371422
赞皇县,-,156130129
景县,-,156131127
沾化区,-,156371603
榆次区,-,156140702
晋源区,-,156140110
乐陵市,-,156371481
桃城区,-,156131102
小店区,-,156140105
米脂县,-,156610827
赵县,-,156130133
元氏县,-,156130132
无棣县,-,156371623
庆云县,-,156371423
盐池县,-,156640323
平定县,-,156140321
武邑县,-,156131122
蓬莱区,-,156370684
城区,-,156140302
万柏林区,-,156140109
迎泽区,-,156140106
矿区,-,156140303
阜城县,-,156131128
河口区,-,156370503
东光县,-,156130923
杏花岭区,-,156140107
方山县,-,156141128
寿阳县,-,156140725
栾城区,-,156130111
古交市,-,156140181
尖草坪区,-,156140108
辛集市,-,156130181
郊区,-,156140311
临县,-,156141124
横山区,-,156610803
利通区,-,156640302
深州市,-,156131182
桥西区,-,156130104
裕华区,-,156130108
佳县,-,156610828
青铜峡市,-,156640381
藁城区,-,156130109
井陉县,-,156130121
晋州市,-,156130183
长安区,-,156130102
南皮县,-,156130927
武强县,-,156131123
新华区,-,156130105
孟村回族自治县,-,156130930
盐山县,-,156130925
阳曲县,-,156140122
井陉矿区,-,156130107
娄烦县,-,156140123
泊头市,-,156130981
盂县,-,156140322
鹿泉区,-,156130110
灵武市,-,156640181
海兴县,-,156130924
正定县,-,156130123
无极县,-,156130130
鄂托克前旗,-,156150623
深泽县,-,156130128
献县,-,156130929
安平县,-,156131125
饶阳县,-,156131124
平山县,-,156130131
榆阳区,-,156610802
永宁县,-,156640121
岚县,-,156141127
沧县,-,156130921
灵寿县,-,156130126
运河区,-,156130903
新华区,-,156130902
新乐市,-,156130184
静乐县,-,156140926
黄骅市,-,156130983
忻府区,-,156140902
安国市,-,156130683
肃宁县,-,156130926
行唐县,-,156130125
河间市,-,156130984
博野县,-,156130637
兴县,-,156141123
金凤区,-,156640106
定襄县,-,156140921
兴庆区,-,156640104
蠡县,-,156130635
西夏区,-,156640105
定州市,-,156130682
贺兰县,-,156640122
青县,-,156130922
乌审旗,-,156150626
曲阳县,-,156130634
高阳县,-,156130628
岢岚县,-,156140929
大城县,-,156131025
望都县,-,156130631
任丘市,-,156130982
五台县,-,156140922
原平市,-,156140981
唐县,-,156130627
清苑区,-,156130608
阿拉善左旗,-,156152921
顺平县,-,156130636
神木市,-,156610881
阜平县,-,156130624
旅顺口区,-,156210212
文安县,-,156131026
竞秀区,-,156130602
莲池区,-,156130606
沙河口区,-,156210204
五寨县,-,156140928
平罗县,-,156640221
西岗区,-,156210203
中山区,-,156210202
安新县,-,156130632
静海区,-,156120118
满城区,-,156130607
甘井子区,-,156210211
津南区,-,156120112
雄县,-,156130638
宁武县,-,156140925
滨海新区,-,156120116
徐水区,-,156130609
大武口区,-,156640202
保德县,-,156140931
府谷县,-,156610822
容城县,-,156130629
金州区,-,156210213
代县,-,156140923
东丽区,-,156120110
鄂托克旗,-,156150624
神池县,-,156140927
河西区,-,156120103
霸州市,-,156131081
河东区,-,156120102
南开区,-,156120104
西青区,-,156120111
河北区,-,156120105
红桥区,-,156120106
繁峙县,-,156140924
北辰区,-,156120113
惠农区,-,156640205
定兴县,-,156130626
长海县,-,156210224
曹妃甸区,-,156130209
朔城区,-,156140602
永清县,-,156131023
高碑店市,-,156130684
宁河区,-,156120117
易县,-,156130633
涞源县,-,156130630
武清区,-,156120114
河曲县,-,156140930
涞水县,-,156130623
普兰店区,-,156210214
乐亭县,-,156130225
偏关县,-,156140932
固安县,-,156131022
海南区,-,156150303
灵丘县,-,156140224
涿州市,-,156130681
滦南县,-,156130224
乌达区,-,156150304
平鲁区,-,156140603
安次区,-,156131003
广阳区,-,156131003
山阴县,-,156140621
应县,-,156140622
伊金霍洛旗,-,156150627
丰南区,-,156130207
路北区,-,156130203
路南区,-,156130202
瓦房店市,-,156210281
开平区,-,156130205
庄河市,-,156210283
海勃湾区,-,156150302
浑源县,-,156140225
昌黎县,-,156130322
古冶区,-,156130204
宝坻区,-,156120115
大兴区,-,156110115
滦州市,-,156130284
房山区,-,156110111
广灵县,-,156140223
香河县,-,156131024
东胜区,-,156150602
怀仁市,-,156140681
丰润区,-,156130208
杭锦旗,-,156150625
北戴河区,-,156130304
蔚县,-,156130726
丰台区,-,156110106
东港市,-,156210681
准格尔旗,-,156150622
抚宁区,-,156130306
大厂回族自治县,-,156131028
卢龙县,-,156130324
玉田县,-,156130229
石景山区,-,156110107
清水河县,-,156150124
通州区,-,156110112
西城区,-,156110102
朝阳区,-,156110105
东城区,-,156110101
海港区,-,156130302
门头沟区,-,156110109
海淀区,-,156110108
山海关区,-,156130303
三河市,-,156131082
右玉县,-,156140623
迁安市,-,156130283
左云县,-,156140226
云冈区,-,156140214
云州区,-,156140215
蓟州区,-,156120119
平城区,-,156140213
阳原县,-,156130727
振兴区,-,156210603
顺义区,-,156110113
元宝区,-,156210602
平谷区,-,156110117
迁西县,-,156130227
振安区,-,156210604
遵化市,-,156130281
昌平区,-,156110114
鲅鱼圈区,-,156210804
新荣区,-,156140212
托克托县,-,156150122
岫岩满族自治县,-,156210323
怀柔区,-,156110116
绥中县,-,156211421
磴口县,-,156150822
阳高县,-,156140221
密云区,-,156110118
和林格尔县,-,156150123
涿鹿县,-,156130731
达拉特旗,-,156150621
盖州市,-,156210881
青龙满族自治县,-,156130321
怀来县,-,156130730
兴隆县,-,156130822
天镇县,-,156140222
丰镇市,-,156150981
凤城市,-,156210682
延庆区,-,156110119
下花园区,-,156130706
凉城县,-,156150925
鹰手营子矿区,-,156130804
土默特右旗,-,156150221
东河区,-,156150202
宣化区,-,156130705
兴城市,-,156211481
九原区,-,156150207
宽城满族自治县,-,156130827
昆都仑区,-,156150203
大石桥市,-,156210882
青山区,-,156150204
西市区,-,156210803
站前区,-,156210802
怀安县,-,156130728
石拐区,-,156150205
老边区,-,156210811
土默特左旗,-,156150121
宽甸满族自治县,-,156210624
龙港区,-,156211403
乌拉特前旗,-,156150823
玉泉区,-,156150104
临河区,-,156150802
万全区,-,156130708
承德县,-,156130821
连山区,-,156211402
察哈尔右翼前旗,-,156150926
桥东区,-,156130702
赛罕区,-,156150105
回民区,-,156150103
桥西区,-,156130703
建昌县,-,156211422
新城区,-,156150102
兴和县,-,156150924
海城市,-,156210381
杭锦后旗,-,156150826
卓资县,-,156150921
赤城县,-,156130732
滦平县,-,156130824
双滦区,-,156130803
崇礼区,-,156130709
双桥区,-,156130802
大洼区,-,156211104
平泉市,-,156130881
固阳县,-,156150222
集宁区,-,156150902
千山区,-,156210302
尚义县,-,156130725
乌拉特后旗,-,156150825
五原县,-,156150821
铁东区,-,156210302
武川县,-,156150125
南芬区,-,156210505
南票区,-,156211404
太和区,-,156210711
凌河区,-,156210703
古塔区,-,156210702
铁西区,-,156210303
集安市,-,156220582
喀喇沁左翼蒙古族自治县,-,156211324
兴隆台区,-,156211103
立山区,-,156210304
弓长岭区,-,156211005
张北县,-,156130722
凌海市,-,156210781
双台子区,-,156211102
辽阳县,-,156211021
丰宁满族自治县,-,156130826
宏伟区,-,156211004
盘山县,-,156211122
凌源市,-,156211382
太子河区,-,156211002
文圣区,-,156211002
桓仁满族自治县,-,156210522
白塔区,-,156211002
察哈尔右翼中旗,-,156150927
平山区,-,156210502
本溪满族自治县,-,156210521
明山区,-,156210504
隆化县,-,156130825
溪湖区,-,156210503
建平县,-,156211322
台安县,-,156210321
长白朝鲜族自治县,-,156220623
灯塔市,-,156211081
察哈尔右翼后旗,-,156150928
朝阳县,-,156211321
辽中区,-,156210115
义县,-,156210727
四子王旗,-,156150929
商都县,-,156150923
双塔区,-,156211302
乌拉特中旗,-,156150824
北镇市,-,156210782
龙城区,-,156211303
宁城县,-,156150429
苏家屯区,-,156210111
沽源县,-,156130724
通化县,-,156220521
黑山县,-,156210726
达尔罕茂明安联合旗,-,156150223
东昌区,-,156220502
新宾满族自治县,-,156210422
浑南区,-,156210103
白云鄂博矿区,-,156150206
二道江区,-,156220503
清河门区,-,156210905
和平区,-,156120101
和平区,-,156210102
于洪区,-,156210114
沈河区,-,156210103
北票市,-,156211381
铁西区,-,156210106
大东区,-,156210104
临江市,-,156220681
皇姑区,-,156210105
康保县,-,156130723
东洲区,-,156210403
望花区,-,156210404
新抚区,-,156210402
太仆寺旗,-,156152527
抚顺县,-,156210421
顺城区,-,156210411
化德县,-,156150922
喀喇沁旗,-,156150428
围场满族蒙古族自治县,-,156130828
浑江区,-,156220602
新民市,-,156210181
太平区,-,156210904
海州区,-,156210902
细河区,-,156210911
元宝山区,-,156150403
沈北新区,-,156210113
江源区,-,156220605
阜新蒙古族自治县,-,156210921
新邱区,-,156210903
清原满族自治县,-,156210423
多伦县,-,156152531
抚松县,-,156220621
铁岭县,-,156211221
镶黄旗,-,156152528
正蓝旗,-,156152530
红山区,-,156150402
柳河县,-,156220524
银州区,-,156211202
松山区,-,156150404
正镶白旗,-,156152529
敖汉旗,-,156150430
彰武县,-,156210922
靖宇县,-,156220622
调兵山市,-,156211281
法库县,-,156210124
梅河口市,-,156220581
和龙市,-,156222406
开原市,-,156211282
清河区,-,156211204
东丰县,-,156220421
辉南县,-,156220523
库伦旗,-,156150524
西丰县,-,156211223
苏尼特右旗,-,156152524
康平县,-,156210123
龙井市,-,156222405
昌图县,-,156211224
珲春市,-,156222404
奈曼旗,-,156150525
延吉市,-,156222401
龙山区,-,156220402
东辽县,-,156220422
西安区,-,156220403
科尔沁左翼后旗,-,156150522
翁牛特旗,-,156150426
磐石市,-,156220284
图们市,-,156222402
桦甸市,-,156220282
安图县,-,156222426
铁西区,-,156220302
铁东区,-,156220303
克什克腾旗,-,156150425
梨树县,-,156220322
汪清县,-,156222424
伊通满族自治县,-,156220323
敦化市,-,156222403
公主岭市,-,156220184
双辽市,-,156220382
双阳区,-,156220112
巴林右旗,-,156150423
开鲁县,-,156150523
林西县,-,156150424
科尔沁区,-,156150502
二连浩特市,-,156152501
永吉县,-,156220221
蛟河市,-,156220281
丰满区,-,156220211
朝阳区,-,156220104
船营区,-,156220204
苏尼特左旗,-,156152523
南关区,-,156220102
二道区,-,156220105
阿鲁科尔沁旗,-,156150421
绿园区,-,156220106
昌邑区,-,156220202
龙潭区,-,156220203
锡林浩特市,-,156152502
宽城区,-,156220103
巴林左旗,-,156150422
阿巴嘎旗,-,156152522
东宁市,-,156231086
科尔沁左翼中旗,-,156150521
九台区,-,156220113
长岭县,-,156220722
宁安市,-,156231084
舒兰市,-,156220283
绥芬河市,-,156231081
农安县,-,156220122
德惠市,-,156220183
扎鲁特旗,-,156150526
西安区,-,156231005
东安区,-,156231002
西乌珠穆沁旗,-,156152526
海林市,-,156231083
爱民区,-,156231004
阳明区,-,156231003
通榆县,-,156220822
榆树市,-,156220182
穆棱市,-,156231085
五常市,-,156230184
扶余市,-,156220781
乾安县,-,156220723
科尔沁右翼中旗,-,156152222
梨树区,-,156230305
前郭尔罗斯蒙古族自治县,-,156220721
宁江区,-,156220702
尚志市,-,156230183
恒山区,-,156230303
麻山区,-,156230307
鸡东县,-,156230321
林口县,-,156231025
鸡冠区,-,156230302
洮南市,-,156220881
城子河区,-,156230306
滴道区,-,156230304
突泉县,-,156152224
双城区,-,156230113
延寿县,-,156230129
大安市,-,156220882
东乌珠穆沁旗,-,156152525
肇源县,-,156230622
密山市,-,156230382
霍林郭勒市,-,156150581
阿城区,-,156230112
平房区,-,156230108
洮北区,-,156220802
肇州县,-,156230621
香坊区,-,156230110
勃利县,-,156230921
道里区,-,156230102
宾县,-,156230125
南岗区,-,156230103
虎林市,-,156230381
桃山区,-,156230903
茄子河区,-,156230904
道外区,-,156230104
松北区,-,156230109
新兴区,-,156230902
镇赉县,-,156220821
方正县,-,156230124
呼兰区,-,156230111
木兰县,-,156230127
通河县,-,156230128
大同区,-,156230606
肇东市,-,156231282
乌兰浩特市,-,156152201
科尔沁右翼前旗,-,156152221
巴彦县,-,156230126
桦南县,-,156230822
兰西县,-,156231222
依兰县,-,156230123
宝清县,-,156230523
泰来县,-,156230224
红岗区,-,156230605
安达市,-,156231281
龙凤区,-,156230603
宝山区,-,156230506
岭东区,-,156230503
萨尔图区,-,156230602
四方台区,-,156230505
北林区,-,156231202
尖山区,-,156230502
让胡路区,-,156230604
青冈县,-,156231223
扎赉特旗,-,156152223
集贤县,-,156230521
汤原县,-,156230828
友谊县,-,156230522
饶河县,-,156230524
向阳区,-,156230803
郊区,-,156230811
前进区,-,156230804
东风区,-,156230805
望奎县,-,156231221
杜尔伯特蒙古族自治县,-,156230624
庆安县,-,156231224
铁力市,-,156230781
桦川县,-,156230826
大箐山县,-,156230725
南岔县,-,156230726
昂昂溪区,-,156230205
林甸县,-,156230623
明水县,-,156231225
阿尔山市,-,156152202
富拉尔基区,-,156230206
绥棱县,-,156231226
富锦市,-,156230882
兴安区,-,156230405
绥滨县,-,156230422
梅里斯达斡尔族区,-,156230208
南山区,-,156230404
龙沙区,-,156230202
工农区,-,156230403
东山区,-,156230406
龙江县,-,156230221
铁锋区,-,156230204
向阳区,-,156230402
建华区,-,156230203
兴山区,-,156230407
海伦市,-,156231283
金林区,-,156230751
碾子山区,-,156230207
萝北县,-,156230421
拜泉县,-,156230231
同江市,-,156230881
乌翠区,-,156230718
伊美区,-,156230717
富裕县,-,156230227
友好区,-,156230719
依安县,-,156230223
甘南县,-,156230225
扎兰屯市,-,156150783
克山县,-,156230229
克东县,-,156230230
阿荣旗,-,156150721
新巴尔虎左旗,-,156150726
北安市,-,156231181
丰林县,-,156230724
抚远市,-,156230883
汤旺县,-,156230723
莫力达瓦达斡尔族自治旗,-,156150722
讷河市,-,156230281
五大连池市,-,156231182
新巴尔虎右旗,-,156150727
嘉荫县,-,156230722
鄂温克族自治旗,-,156150724
嫩江市,-,156231183
海拉尔区,-,156150702
牙克石市,-,156150782
陈巴尔虎旗,-,156150725
孙吴县,-,156231124
扎赉诺尔区,-,156150781
逊克县,-,156231123
满洲里市,-,156150781
额尔古纳市,-,156150784
爱辉区,-,156231102
加格达奇,-,156150723
鄂伦春自治旗,-,156150723
根河市,-,156150785
呼玛县,-,156232721
塔河县,-,156232722
漠河市,-,156232701
可克达拉市,-,156659008
昆玉市,-,156659009
新吴区,-,156320214
华州区,-,156520115
浑南区,-,156210112
平桂区,-,156451103
观山湖区,-,156451103
康巴什区,-,156150603
龙华区,-,156440309
坪山区,-,156440310
随县,-,156421321
太子山天然林保护区,-,156629900
叶集区,-,156341504
霍尔果斯市,-,156654004
红谷滩区,-,156360113
阿拉善经济开发区,-,156152971
莲花山风景林自然保护区,-,156629800
甘肃中牧山丹马场,-,156629700
光明区,-,156440311
龙港市,-,156330383
胡杨河市,-,156659010
西沙区,-,156460321
南沙区,-,156460322